	word	zstat	pvalue	f1_count	f2_count
0	part society	1.5046284355600494	0.06620981568007751	4	0
1	hospital staff	1.5046284355600494	0.06620981568007751	4	0
2	family member	1.5046284355600494	0.06620981568007751	4	0
3	society family	1.3024529405871497	0.09638079754145473	3	0
4	people need	1.3024529405871497	0.09638079754145473	3	0
5	society may	1.3024529405871497	0.09638079754145473	3	0
6	medical staff	1.3024529405871497	0.09638079754145473	3	0
7	family individual	1.3024529405871497	0.09638079754145473	3	0
8	loved one	1.3024529405871497	0.09638079754145473	3	0
9	society includes	1.3024529405871497	0.09638079754145473	3	0
10	patient family	1.3024529405871497	0.09638079754145473	3	0
11	people mistakenly	1.3024529405871497	0.09638079754145473	3	0
12	society mean	1.062964437232845	0.14389903955075345	2	0
13	someone else	1.062964437232845	0.14389903955075345	2	0
14	may need	1.062964437232845	0.14389903955075345	2	0
15	member society	1.062964437232845	0.14389903955075345	2	0
16	individual need	1.062964437232845	0.14389903955075345	2	0
17	society impacted	1.062964437232845	0.14389903955075345	2	0
18	care cost	1.062964437232845	0.14389903955075345	2	0
19	society people	1.062964437232845	0.14389903955075345	2	0
20	cost unneeded	1.062964437232845	0.14389903955075345	2	0
21	care individual	1.062964437232845	0.14389903955075345	2	0
22	need bed	1.062964437232845	0.14389903955075345	2	0
23	take icu	1.062964437232845	0.14389903955075345	2	0
24	ill patient	1.062964437232845	0.14389903955075345	2	0
25	doctor nurse	1.062964437232845	0.14389903955075345	2	0
26	people society	1.062964437232845	0.14389903955075345	2	0
27	general public	1.062964437232845	0.14389903955075345	2	0
28	impact society	1.062964437232845	0.14389903955075345	2	0
29	society could	1.062964437232845	0.14389903955075345	2	0
30	stress family	1.062964437232845	0.14389903955075345	2	0
31	everyone else	1.062964437232845	0.14389903955075345	2	0
32	might need	1.062964437232845	0.14389903955075345	2	0
33	else could	1.062964437232845	0.14389903955075345	2	0
34	society everyone	1.062964437232845	0.14389903955075345	2	0
35	society others	1.062964437232845	0.14389903955075345	2	0
36	patient may	1.062964437232845	0.14389903955075345	2	0
37	society hospital	1.062964437232845	0.14389903955075345	2	0
38	people may	1.062964437232845	0.14389903955075345	2	0
39	taken away	1.062964437232845	0.14389903955075345	2	0
40	one individual	1.062964437232845	0.14389903955075345	2	0
41	many people	1.062964437232845	0.14389903955075345	2	0
42	bed available	1.062964437232845	0.14389903955075345	2	0
43	view society	1.062964437232845	0.14389903955075345	2	0
44	need treatment	1.062964437232845	0.14389903955075345	2	0
45	marginalized people	1.062964437232845	0.14389903955075345	2	0
46	emotional impact	1.062964437232845	0.14389903955075345	2	0
47	unnecessary medical	1.062964437232845	0.14389903955075345	2	0
48	icu bed	0.8679944682556147	0.19269868047311167	7	2
49	systemwide burden	0.7512876343346351	0.22623978475904138	1	0
50	support often	0.7512876343346351	0.22623978475904138	1	0
51	cost premeditated	0.7512876343346351	0.22623978475904138	1	0
52	staff funding	0.7512876343346351	0.22623978475904138	1	0
53	care may	0.7512876343346351	0.22623978475904138	1	0
54	country city	0.7512876343346351	0.22623978475904138	1	0
55	nurse etc	0.7512876343346351	0.22623978475904138	1	0
56	able access	0.7512876343346351	0.22623978475904138	1	0
57	individual directly	0.7512876343346351	0.22623978475904138	1	0
58	wrong person	0.7512876343346351	0.22623978475904138	1	0
59	bed die	0.7512876343346351	0.22623978475904138	1	0
60	well family	0.7512876343346351	0.22623978475904138	1	0
61	get treatment	0.7512876343346351	0.22623978475904138	1	0
62	really think	0.7512876343346351	0.22623978475904138	1	0
63	maybe medical	0.7512876343346351	0.22623978475904138	1	0
64	take away	0.7512876343346351	0.22623978475904138	1	0
65	info needed	0.7512876343346351	0.22623978475904138	1	0
66	need society	0.7512876343346351	0.22623978475904138	1	0
67	predicting support	0.7512876343346351	0.22623978475904138	1	0
68	losing life	0.7512876343346351	0.22623978475904138	1	0
69	care patient	0.7512876343346351	0.22623978475904138	1	0
70	bill systemwide	0.7512876343346351	0.22623978475904138	1	0
71	space icu	0.7512876343346351	0.22623978475904138	1	0
72	time doctor	0.7512876343346351	0.22623978475904138	1	0
73	like society	0.7512876343346351	0.22623978475904138	1	0
74	icu someone	0.7512876343346351	0.22623978475904138	1	0
75	may incur	0.7512876343346351	0.22623978475904138	1	0
76	burdened increased	0.7512876343346351	0.22623978475904138	1	0
77	good employee	0.7512876343346351	0.22623978475904138	1	0
78	mistakenly admitted	0.7512876343346351	0.22623978475904138	1	0
79	needed spot	0.7512876343346351	0.22623978475904138	1	0
80	critically thinking	0.7512876343346351	0.22623978475904138	1	0
81	away someone	0.7512876343346351	0.22623978475904138	1	0
82	resource people	0.7512876343346351	0.22623978475904138	1	0
83	american community	0.7512876343346351	0.22623978475904138	1	0
84	society case	0.7512876343346351	0.22623978475904138	1	0
85	needing icu	0.7512876343346351	0.22623978475904138	1	0
86	used save	0.7512876343346351	0.22623978475904138	1	0
87	medical official	0.7512876343346351	0.22623978475904138	1	0
88	probably issue	0.7512876343346351	0.22623978475904138	1	0
89	insurance plan	0.7512876343346351	0.22623978475904138	1	0
90	thinking affected	0.7512876343346351	0.22623978475904138	1	0
91	may lose	0.7512876343346351	0.22623978475904138	1	0
92	pas away	0.7512876343346351	0.22623978475904138	1	0
93	thus algorithm	0.7512876343346351	0.22623978475904138	1	0
94	die well	0.7512876343346351	0.22623978475904138	1	0
95	strain individual	0.7512876343346351	0.22623978475904138	1	0
96	cause societal	0.7512876343346351	0.22623978475904138	1	0
97	room someone	0.7512876343346351	0.22623978475904138	1	0
98	significant issue	0.7512876343346351	0.22623978475904138	1	0
99	directly affected	0.7512876343346351	0.22623978475904138	1	0
100	patient might	0.7512876343346351	0.22623978475904138	1	0
101	coincide mistaken	0.7512876343346351	0.22623978475904138	1	0
102	impact healthcare	0.7512876343346351	0.22623978475904138	1	0
103	due fact	0.7512876343346351	0.22623978475904138	1	0
104	given bed	0.7512876343346351	0.22623978475904138	1	0
105	care also	0.7512876343346351	0.22623978475904138	1	0
106	take account	0.7512876343346351	0.22623978475904138	1	0
107	may overburdened	0.7512876343346351	0.22623978475904138	1	0
108	need extensive	0.7512876343346351	0.22623978475904138	1	0
109	despite need	0.7512876343346351	0.22623978475904138	1	0
110	great part	0.7512876343346351	0.22623978475904138	1	0
111	society care	0.7512876343346351	0.22623978475904138	1	0
112	put much	0.7512876343346351	0.22623978475904138	1	0
113	case ruling	0.7512876343346351	0.22623978475904138	1	0
114	mean every	0.7512876343346351	0.22623978475904138	1	0
115	medical expense	0.7512876343346351	0.22623978475904138	1	0
116	need therefore	0.7512876343346351	0.22623978475904138	1	0
117	mistreated chart	0.7512876343346351	0.22623978475904138	1	0
118	take place	0.7512876343346351	0.22623978475904138	1	0
119	medical bill	0.7512876343346351	0.22623978475904138	1	0
120	caring individual	0.7512876343346351	0.22623978475904138	1	0
121	getting mistakingly	0.7512876343346351	0.22623978475904138	1	0
122	racial bias	0.7512876343346351	0.22623978475904138	1	0
123	risk patient	0.7512876343346351	0.22623978475904138	1	0
124	somebody need	0.7512876343346351	0.22623978475904138	1	0
125	someone really	0.7512876343346351	0.22623978475904138	1	0
126	think experience	0.7512876343346351	0.22623978475904138	1	0
127	deal consequence	0.7512876343346351	0.22623978475904138	1	0
128	pay funeral	0.7512876343346351	0.22623978475904138	1	0
129	cost care	0.7512876343346351	0.22623978475904138	1	0
130	result increase	0.7512876343346351	0.22623978475904138	1	0
131	wasting resource	0.7512876343346351	0.22623978475904138	1	0
132	may also	0.7512876343346351	0.22623978475904138	1	0
133	line icu	0.7512876343346351	0.22623978475904138	1	0
134	overburdened caring	0.7512876343346351	0.22623978475904138	1	0
135	internet really	0.7512876343346351	0.22623978475904138	1	0
136	coworkers hospital	0.7512876343346351	0.22623978475904138	1	0
137	always mistake	0.7512876343346351	0.22623978475904138	1	0
138	people involved	0.7512876343346351	0.22623978475904138	1	0
139	member icu	0.7512876343346351	0.22623978475904138	1	0
140	noncaucasians mind	0.7512876343346351	0.22623978475904138	1	0
141	people wanted	0.7512876343346351	0.22623978475904138	1	0
142	mistakenly get	0.7512876343346351	0.22623978475904138	1	0
143	higher tax	0.7512876343346351	0.22623978475904138	1	0
144	becoming bankrupt	0.7512876343346351	0.22623978475904138	1	0
145	thinking term	0.7512876343346351	0.22623978475904138	1	0
146	staff take	0.7512876343346351	0.22623978475904138	1	0
147	friend doctor	0.7512876343346351	0.22623978475904138	1	0
148	another patient	0.7512876343346351	0.22623978475904138	1	0
149	person need	0.7512876343346351	0.22623978475904138	1	0
150	goups involved	0.7512876343346351	0.22623978475904138	1	0
151	could see	0.7512876343346351	0.22623978475904138	1	0
152	bed truly	0.7512876343346351	0.22623978475904138	1	0
153	also take	0.7512876343346351	0.22623978475904138	1	0
154	machine already	0.7512876343346351	0.22623978475904138	1	0
155	white people	0.7512876343346351	0.22623978475904138	1	0
156	result individual	0.7512876343346351	0.22623978475904138	1	0
157	bed could	0.7512876343346351	0.22623978475904138	1	0
158	etc impact	0.7512876343346351	0.22623978475904138	1	0
159	payer insurance	0.7512876343346351	0.22623978475904138	1	0
160	patient icu	0.7512876343346351	0.22623978475904138	1	0
161	family becoming	0.7512876343346351	0.22623978475904138	1	0
162	staff hospital	0.7512876343346351	0.22623978475904138	1	0
163	society patient	0.7512876343346351	0.22623978475904138	1	0
164	society thus	0.7512876343346351	0.22623978475904138	1	0
165	society high	0.7512876343346351	0.22623978475904138	1	0
166	get surgery	0.7512876343346351	0.22623978475904138	1	0
167	account individual	0.7512876343346351	0.22623978475904138	1	0
168	family grieve	0.7512876343346351	0.22623978475904138	1	0
169	resource resource	0.7512876343346351	0.22623978475904138	1	0
170	icu stay	0.7512876343346351	0.22623978475904138	1	0
171	emotional stress	0.7512876343346351	0.22623978475904138	1	0
172	life consider	0.7512876343346351	0.22623978475904138	1	0
173	may burdened	0.7512876343346351	0.22623978475904138	1	0
174	much financial	0.7512876343346351	0.22623978475904138	1	0
175	medical care	0.7512876343346351	0.22623978475904138	1	0
176	unneeded care	0.7512876343346351	0.22623978475904138	1	0
177	impact loved	0.7512876343346351	0.22623978475904138	1	0
178	issue due	0.7512876343346351	0.22623978475904138	1	0
179	available matter	0.7512876343346351	0.22623978475904138	1	0
180	affected loved	0.7512876343346351	0.22623978475904138	1	0
181	greater patient	0.7512876343346351	0.22623978475904138	1	0
182	whole society	0.7512876343346351	0.22623978475904138	1	0
183	toward one	0.7512876343346351	0.22623978475904138	1	0
184	well pay	0.7512876343346351	0.22623978475904138	1	0
185	part country	0.7512876343346351	0.22623978475904138	1	0
186	greatly individual	0.7512876343346351	0.22623978475904138	1	0
187	local community	0.7512876343346351	0.22623978475904138	1	0
188	support able	0.7512876343346351	0.22623978475904138	1	0
189	tax rate	0.7512876343346351	0.22623978475904138	1	0
190	mistakenly unnecessarily	0.7512876343346351	0.22623978475904138	1	0
191	rise premium	0.7512876343346351	0.22623978475904138	1	0
192	tax payer	0.7512876343346351	0.22623978475904138	1	0
193	reflect view	0.7512876343346351	0.22623978475904138	1	0
194	treatment sake	0.7512876343346351	0.22623978475904138	1	0
195	see impact	0.7512876343346351	0.22623978475904138	1	0
196	away somebody	0.7512876343346351	0.22623978475904138	1	0
197	around individual	0.7512876343346351	0.22623978475904138	1	0
198	board member	0.7512876343346351	0.22623978475904138	1	0
199	lose good	0.7512876343346351	0.22623978475904138	1	0
200	something think	0.7512876343346351	0.22623978475904138	1	0
201	increased cost	0.7512876343346351	0.22623978475904138	1	0
202	member patient	0.7512876343346351	0.22623978475904138	1	0
203	economical discriminatory	0.7512876343346351	0.22623978475904138	1	0
204	required icu	0.7512876343346351	0.22623978475904138	1	0
205	staff patient	0.7512876343346351	0.22623978475904138	1	0
206	misplaced people	0.7512876343346351	0.22623978475904138	1	0
207	member tax	0.7512876343346351	0.22623978475904138	1	0
208	colleague friend	0.7512876343346351	0.22623978475904138	1	0
209	direction likely	0.7512876343346351	0.22623978475904138	1	0
210	grieve die	0.7512876343346351	0.22623978475904138	1	0
211	think moderate	0.7512876343346351	0.22623978475904138	1	0
212	employer may	0.7512876343346351	0.22623978475904138	1	0
213	needed care	0.7512876343346351	0.22623978475904138	1	0
214	prediction wrong	0.7512876343346351	0.22623978475904138	1	0
215	african american	0.7512876343346351	0.22623978475904138	1	0
216	family patient	0.7512876343346351	0.22623978475904138	1	0
217	unnecessarily granted	0.7512876343346351	0.22623978475904138	1	0
218	think probably	0.7512876343346351	0.22623978475904138	1	0
219	also impacted	0.7512876343346351	0.22623978475904138	1	0
220	hospital employee	0.7512876343346351	0.22623978475904138	1	0
221	requires handson	0.7512876343346351	0.22623978475904138	1	0
222	bed taken	0.7512876343346351	0.22623978475904138	1	0
223	else decision	0.7512876343346351	0.22623978475904138	1	0
224	patient part	0.7512876343346351	0.22623978475904138	1	0
225	individual care	0.7512876343346351	0.22623978475904138	1	0
226	impacted greatly	0.7512876343346351	0.22623978475904138	1	0
227	light carelessness	0.7512876343346351	0.22623978475904138	1	0
228	individual part	0.7512876343346351	0.22623978475904138	1	0
229	save another	0.7512876343346351	0.22623978475904138	1	0
230	needed given	0.7512876343346351	0.22623978475904138	1	0
231	see family	0.7512876343346351	0.22623978475904138	1	0
232	family friend	0.7512876343346351	0.22623978475904138	1	0
233	need way	0.7512876343346351	0.22623978475904138	1	0
234	treatment unneccessarily	0.7512876343346351	0.22623978475904138	1	0
235	unneeded icu	0.7512876343346351	0.22623978475904138	1	0
236	member affected	0.7512876343346351	0.22623978475904138	1	0
237	may experience	0.7512876343346351	0.22623978475904138	1	0
238	include people	0.7512876343346351	0.22623978475904138	1	0
239	community angry	0.7512876343346351	0.22623978475904138	1	0
240	patient society	0.7512876343346351	0.22623978475904138	1	0
241	could need	0.7512876343346351	0.22623978475904138	1	0
242	includes family	0.7512876343346351	0.22623978475904138	1	0
243	mean higher	0.7512876343346351	0.22623978475904138	1	0
244	away valuable	0.7512876343346351	0.22623978475904138	1	0
245	handson level	0.7512876343346351	0.22623978475904138	1	0
246	mistaken denial	0.7512876343346351	0.22623978475904138	1	0
247	result spending	0.7512876343346351	0.22623978475904138	1	0
248	significantly impact	0.7512876343346351	0.22623978475904138	1	0
249	lose life	0.7512876343346351	0.22623978475904138	1	0
250	welcome news	0.7512876343346351	0.22623978475904138	1	0
251	societal resource	0.7512876343346351	0.22623978475904138	1	0
252	trauma family	0.7512876343346351	0.22623978475904138	1	0
253	spending equipment	0.7512876343346351	0.22623978475904138	1	0
254	giving white	0.7512876343346351	0.22623978475904138	1	0
255	anyone need	0.7512876343346351	0.22623978475904138	1	0
256	need space	0.7512876343346351	0.22623978475904138	1	0
257	need temporary	0.7512876343346351	0.22623978475904138	1	0
258	feel like	0.7512876343346351	0.22623978475904138	1	0
259	different part	0.7512876343346351	0.22623978475904138	1	0
260	also assuming	0.7512876343346351	0.22623978475904138	1	0
261	incur cost	0.7512876343346351	0.22623978475904138	1	0
262	truly need	0.7512876343346351	0.22623978475904138	1	0
263	actually needed	0.7512876343346351	0.22623978475904138	1	0
264	nurse may	0.7512876343346351	0.22623978475904138	1	0
265	prediction direction	0.7512876343346351	0.22623978475904138	1	0
266	someone mistakenly	0.7512876343346351	0.22623978475904138	1	0
267	campaign etc	0.7512876343346351	0.22623978475904138	1	0
268	helpful staff	0.7512876343346351	0.22623978475904138	1	0
269	algorithm machine	0.7512876343346351	0.22623978475904138	1	0
270	could needed	0.7512876343346351	0.22623978475904138	1	0
271	society general	0.7512876343346351	0.22623978475904138	1	0
272	think something	0.7512876343346351	0.22623978475904138	1	0
273	could denying	0.7512876343346351	0.22623978475904138	1	0
274	dominant culture	0.7512876343346351	0.22623978475904138	1	0
275	make society	0.7512876343346351	0.22623978475904138	1	0
276	impacted decision	0.7512876343346351	0.22623978475904138	1	0
277	societal harm	0.7512876343346351	0.22623978475904138	1	0
278	affect financials	0.7512876343346351	0.22623978475904138	1	0
279	patient losing	0.7512876343346351	0.22623978475904138	1	0
280	show data	0.7512876343346351	0.22623978475904138	1	0
281	mistake could	0.7512876343346351	0.22623978475904138	1	0
282	could taken	0.7512876343346351	0.22623978475904138	1	0
283	favor could	0.7512876343346351	0.22623978475904138	1	0
284	taken serious	0.7512876343346351	0.22623978475904138	1	0
285	may watch	0.7512876343346351	0.22623978475904138	1	0
286	place someone	0.7512876343346351	0.22623978475904138	1	0
287	community misplaced	0.7512876343346351	0.22623978475904138	1	0
288	potentially end	0.7512876343346351	0.22623978475904138	1	0
289	could take	0.7512876343346351	0.22623978475904138	1	0
290	mistakingly put	0.7512876343346351	0.22623978475904138	1	0
291	could use	0.7512876343346351	0.22623978475904138	1	0
292	patient added	0.7512876343346351	0.22623978475904138	1	0
293	one get	0.7512876343346351	0.22623978475904138	1	0
294	family mistakenly	0.7512876343346351	0.22623978475904138	1	0
295	likely coincide	0.7512876343346351	0.22623978475904138	1	0
296	society truly	0.7512876343346351	0.22623978475904138	1	0
297	caring patient	0.7512876343346351	0.22623978475904138	1	0
298	charge patient	0.7512876343346351	0.22623978475904138	1	0
299	related empathy	0.7512876343346351	0.22623978475904138	1	0
300	cost money	0.7512876343346351	0.22623978475904138	1	0
301	avoid getting	0.7512876343346351	0.22623978475904138	1	0
302	might short	0.7512876343346351	0.22623978475904138	1	0
303	admitted given	0.7512876343346351	0.22623978475904138	1	0
304	made critically	0.7512876343346351	0.22623978475904138	1	0
305	people family	0.7512876343346351	0.22623978475904138	1	0
306	negatively affected	0.7512876343346351	0.22623978475904138	1	0
307	could even	0.7512876343346351	0.22623978475904138	1	0
308	excluded limited	0.7512876343346351	0.22623978475904138	1	0
309	denial someone	0.7512876343346351	0.22623978475904138	1	0
310	also predicting	0.7512876343346351	0.22623978475904138	1	0
311	time thete	0.7512876343346351	0.22623978475904138	1	0
312	staff impacted	0.7512876343346351	0.22623978475904138	1	0
313	resource taken	0.7512876343346351	0.22623978475904138	1	0
314	end hospital	0.7512876343346351	0.22623978475904138	1	0
315	individual negative	0.7512876343346351	0.22623978475904138	1	0
316	ethnic goups	0.7512876343346351	0.22623978475904138	1	0
317	includes patient	0.7512876343346351	0.22623978475904138	1	0
318	affect individual	0.7512876343346351	0.22623978475904138	1	0
319	society internet	0.7512876343346351	0.22623978475904138	1	0
320	impact great	0.7512876343346351	0.22623978475904138	1	0
321	need medical	0.7512876343346351	0.22623978475904138	1	0
322	already biased	0.7512876343346351	0.22623978475904138	1	0
323	serious harm	0.7512876343346351	0.22623978475904138	1	0
324	valuable time	0.7512876343346351	0.22623978475904138	1	0
325	term dominant	0.7512876343346351	0.22623978475904138	1	0
326	issue higher	0.7512876343346351	0.22623978475904138	1	0
327	society put	0.7512876343346351	0.22623978475904138	1	0
328	icu unnecessary	0.7512876343346351	0.22623978475904138	1	0
329	require icu	0.7512876343346351	0.22623978475904138	1	0
330	affecting family	0.7512876343346351	0.22623978475904138	1	0
331	race truth	0.7512876343346351	0.22623978475904138	1	0
332	ft board	0.7512876343346351	0.22623978475904138	1	0
333	giving bed	0.7512876343346351	0.22623978475904138	1	0
334	care family	0.7512876343346351	0.22623978475904138	1	0
335	care might	0.7512876343346351	0.22623978475904138	1	0
336	taking model	0.7512876343346351	0.22623978475904138	1	0
337	resource needed	0.7512876343346351	0.22623978475904138	1	0
338	well people	0.7512876343346351	0.22623978475904138	1	0
339	affected reflect	0.7512876343346351	0.22623978475904138	1	0
340	compared regular	0.7512876343346351	0.22623978475904138	1	0
341	many different	0.7512876343346351	0.22623978475904138	1	0
342	beyond deal	0.7512876343346351	0.22623978475904138	1	0
343	load despite	0.7512876343346351	0.22623978475904138	1	0
344	family expensive	0.7512876343346351	0.22623978475904138	1	0
345	involved make	0.7512876343346351	0.22623978475904138	1	0
346	individual might	0.7512876343346351	0.22623978475904138	1	0
347	could lose	0.7512876343346351	0.22623978475904138	1	0
348	one pas	0.7512876343346351	0.22623978475904138	1	0
349	society health	0.7512876343346351	0.22623978475904138	1	0
350	limited number	0.7512876343346351	0.22623978475904138	1	0
351	one race	0.7512876343346351	0.22623978475904138	1	0
352	could severe	0.7512876343346351	0.22623978475904138	1	0
353	even die	0.7512876343346351	0.22623978475904138	1	0
354	rate gofundme	0.7512876343346351	0.22623978475904138	1	0
355	society potentially	0.7512876343346351	0.22623978475904138	1	0
356	ands well	0.7512876343346351	0.22623978475904138	1	0
357	data trend	0.7512876343346351	0.22623978475904138	1	0
358	could giving	0.7512876343346351	0.22623978475904138	1	0
359	people icu	0.7512876343346351	0.22623978475904138	1	0
360	need help	0.7512876343346351	0.22623978475904138	1	0
361	caucasian noncaucasians	0.7512876343346351	0.22623978475904138	1	0
362	obvious racial	0.7512876343346351	0.22623978475904138	1	0
363	put cost	0.7512876343346351	0.22623978475904138	1	0
364	culture marginalized	0.7512876343346351	0.22623978475904138	1	0
365	tension among	0.7512876343346351	0.22623978475904138	1	0
366	staff community	0.7512876343346351	0.22623978475904138	1	0
367	insurance cost	0.7512876343346351	0.22623978475904138	1	0
368	needed crucial	0.7512876343346351	0.22623978475904138	1	0
369	may access	0.7512876343346351	0.22623978475904138	1	0
370	may unnecessary	0.7512876343346351	0.22623978475904138	1	0
371	staff may	0.7512876343346351	0.22623978475904138	1	0
372	people insurance	0.7512876343346351	0.22623978475904138	1	0
373	patient significant	0.7512876343346351	0.22623978475904138	1	0
374	support additional	0.7512876343346351	0.22623978475904138	1	0
375	often marginalized	0.7512876343346351	0.22623978475904138	1	0
376	higher insurance	0.7512876343346351	0.22623978475904138	1	0
377	society think	0.7512876343346351	0.22623978475904138	1	0
378	might getting	0.7512876343346351	0.22623978475904138	1	0
379	also see	0.7512876343346351	0.22623978475904138	1	0
380	wrong african	0.7512876343346351	0.22623978475904138	1	0
381	resource could	0.7512876343346351	0.22623978475904138	1	0
382	work load	0.7512876343346351	0.22623978475904138	1	0
383	higher attention	0.7512876343346351	0.22623978475904138	1	0
384	bed people	0.7512876343346351	0.22623978475904138	1	0
385	impact moderate	0.7512876343346351	0.22623978475904138	1	0
386	help getting	0.7512876343346351	0.22623978475904138	1	0
387	consider patient	0.7512876343346351	0.22623978475904138	1	0
388	experience rise	0.7512876343346351	0.22623978475904138	1	0
389	additional stress	0.7512876343346351	0.22623978475904138	1	0
390	given wrong	0.7512876343346351	0.22623978475904138	1	0
391	consideration caucasian	0.7512876343346351	0.22623978475904138	1	0
392	consider doctorspeople	0.7512876343346351	0.22623978475904138	1	0
393	premeditated icu	0.7512876343346351	0.22623978475904138	1	0
394	broader society	0.7512876343346351	0.22623978475904138	1	0
395	added load	0.7512876343346351	0.22623978475904138	1	0
396	individual ands	0.7512876343346351	0.22623978475904138	1	0
397	mistakenly giving	0.7512876343346351	0.22623978475904138	1	0
398	society instance	0.7512876343346351	0.22623978475904138	1	0
399	staff part	0.7512876343346351	0.22623978475904138	1	0
400	denying someone	0.7512876343346351	0.22623978475904138	1	0
401	cost society	0.7512876343346351	0.22623978475904138	1	0
402	community patient	0.7512876343346351	0.22623978475904138	1	0
403	everyone around	0.7512876343346351	0.22623978475904138	1	0
404	mean people	0.7512876343346351	0.22623978475904138	1	0
405	premium due	0.7512876343346351	0.22623978475904138	1	0
406	patient mistakenly	0.7512876343346351	0.22623978475904138	1	0
407	moderate either	0.7512876343346351	0.22623978475904138	1	0
408	deplete resource	0.7512876343346351	0.22623978475904138	1	0
409	away member	0.7512876343346351	0.22623978475904138	1	0
410	healthcare lot	0.7512876343346351	0.22623978475904138	1	0
411	may affect	0.7512876343346351	0.22623978475904138	1	0
412	insurance hospital	0.7512876343346351	0.22623978475904138	1	0
413	truly care	0.7512876343346351	0.22623978475904138	1	0
414	people live	0.7512876343346351	0.22623978475904138	1	0
415	biased toward	0.7512876343346351	0.22623978475904138	1	0
416	someone related	0.7512876343346351	0.22623978475904138	1	0
417	strenuous work	0.7512876343346351	0.22623978475904138	1	0
418	could used	0.7512876343346351	0.22623978475904138	1	0
419	really need	0.7512876343346351	0.22623978475904138	1	0
420	potentially need	0.7512876343346351	0.22623978475904138	1	0
421	number people	0.7512876343346351	0.22623978475904138	1	0
422	people world	0.7512876343346351	0.22623978475904138	1	0
423	watch die	0.7512876343346351	0.22623978475904138	1	0
424	severe consequence	0.7512876343346351	0.22623978475904138	1	0
425	may take	0.7512876343346351	0.22623978475904138	1	0
426	society member	0.7512876343346351	0.22623978475904138	1	0
427	bankrupt unnecessary	0.7512876343346351	0.22623978475904138	1	0
428	think general	0.7512876343346351	0.22623978475904138	1	0
429	cause bed	0.7512876343346351	0.22623978475904138	1	0
430	lot people	0.7512876343346351	0.22623978475904138	1	0
431	decision made	0.7512876343346351	0.22623978475904138	1	0
432	taking away	0.7512876343346351	0.22623978475904138	1	0
433	impacted another	0.7512876343346351	0.22623978475904138	1	0
434	higher overall	0.7512876343346351	0.22623978475904138	1	0
435	without spare	0.7512876343346351	0.22623978475904138	1	0
436	truth always	0.7512876343346351	0.22623978475904138	1	0
437	hospital may	0.7512876343346351	0.22623978475904138	1	0
438	experience cause	0.7512876343346351	0.22623978475904138	1	0
439	icu prediction	0.7512876343346351	0.22623978475904138	1	0
440	way case	0.7512876343346351	0.22623978475904138	1	0
441	could significantly	0.7512876343346351	0.22623978475904138	1	0
442	financial strain	0.7512876343346351	0.22623978475904138	1	0
443	model consideration	0.7512876343346351	0.22623978475904138	1	0
444	waste icu	0.7512876343346351	0.22623978475904138	1	0
445	hospital bill	0.7512876343346351	0.22623978475904138	1	0
446	needed ill	0.7512876343346351	0.22623978475904138	1	0
447	patient take	0.7512876343346351	0.22623978475904138	1	0
448	else need	0.7512876343346351	0.22623978475904138	1	0
449	mean needing	0.7512876343346351	0.22623978475904138	1	0
450	individual broader	0.7512876343346351	0.22623978475904138	1	0
451	moderate cause	0.7512876343346351	0.22623978475904138	1	0
452	cause trauma	0.7512876343346351	0.22623978475904138	1	0
453	high hospital	0.7512876343346351	0.22623978475904138	1	0
454	financials familytaxpayers	0.7512876343346351	0.22623978475904138	1	0
455	felt whole	0.7512876343346351	0.22623978475904138	1	0
456	worse prediction	0.7512876343346351	0.22623978475904138	1	0
457	accurate info	0.7512876343346351	0.22623978475904138	1	0
458	number icu	0.7512876343346351	0.22623978475904138	1	0
459	consider society	0.7512876343346351	0.22623978475904138	1	0
460	every individual	0.7512876343346351	0.22623978475904138	1	0
461	news person	0.7512876343346351	0.22623978475904138	1	0
462	money also	0.7512876343346351	0.22623978475904138	1	0
463	may pay	0.7512876343346351	0.22623978475904138	1	0
464	granted icu	0.7512876343346351	0.22623978475904138	1	0
465	short icu	0.7512876343346351	0.22623978475904138	1	0
466	people local	0.7512876343346351	0.22623978475904138	1	0
467	bed stay	0.7512876343346351	0.22623978475904138	1	0
468	includes people	0.7512876343346351	0.22623978475904138	1	0
469	sake economical	0.7512876343346351	0.22623978475904138	1	0
470	pay tax	0.7512876343346351	0.22623978475904138	1	0
471	case everyone	0.7512876343346351	0.22623978475904138	1	0
472	due higher	0.7512876343346351	0.22623978475904138	1	0
473	stay greater	0.7512876343346351	0.22623978475904138	1	0
474	could show	0.7512876343346351	0.22623978475904138	1	0
475	mostly consider	0.7512876343346351	0.22623978475904138	1	0
476	staff friend	0.7512876343346351	0.22623978475904138	1	0
477	die hallway	0.7512876343346351	0.22623978475904138	1	0
478	die result	0.7512876343346351	0.22623978475904138	1	0
479	financial emotional	0.7512876343346351	0.22623978475904138	1	0
480	equipment provide	0.7512876343346351	0.22623978475904138	1	0
481	thete different	0.7512876343346351	0.22623978475904138	1	0
482	society medical	0.7512876343346351	0.22623978475904138	1	0
483	case someone	0.7512876343346351	0.22623978475904138	1	0
484	bias cause	0.7512876343346351	0.22623978475904138	1	0
485	health care	0.7512876343346351	0.22623978475904138	1	0
486	bed icu	0.7512876343346351	0.22623978475904138	1	0
487	increase tension	0.7512876343346351	0.22623978475904138	1	0
488	take care	0.7512876343346351	0.22623978475904138	1	0
489	always take	0.7512876343346351	0.22623978475904138	1	0
490	thought people	0.7512876343346351	0.22623978475904138	1	0
491	surgery need	0.7512876343346351	0.22623978475904138	1	0
492	different ethnic	0.7512876343346351	0.22623978475904138	1	0
493	also result	0.7512876343346351	0.22623978475904138	1	0
494	gofundme campaign	0.7512876343346351	0.22623978475904138	1	0
495	hospital treatment	0.7512876343346351	0.22623978475904138	1	0
496	considering society	0.7512876343346351	0.22623978475904138	1	0
497	easy believe	0.7512876343346351	0.22623978475904138	1	0
498	believe number	0.7512876343346351	0.22623978475904138	1	0
499	may strenuous	0.7512876343346351	0.22623978475904138	1	0
500	doctorspeople charge	0.7512876343346351	0.22623978475904138	1	0
501	family hospital	0.7512876343346351	0.22623978475904138	1	0
502	better need	0.7512876343346351	0.22623978475904138	1	0
503	impact higher	0.7512876343346351	0.22623978475904138	1	0
504	plan may	0.7512876343346351	0.22623978475904138	1	0
505	minority get	0.7512876343346351	0.22623978475904138	1	0
506	trend result	0.7512876343346351	0.22623978475904138	1	0
507	getting hospital	0.7512876343346351	0.22623978475904138	1	0
508	people obvious	0.7512876343346351	0.22623978475904138	1	0
509	access affecting	0.7512876343346351	0.22623978475904138	1	0
510	think impact	0.7512876343346351	0.22623978475904138	1	0
511	world bring	0.7512876343346351	0.22623978475904138	1	0
512	need care	0.7512876343346351	0.22623978475904138	1	0
513	people accident	0.7512876343346351	0.22623978475904138	1	0
514	care case	0.7512876343346351	0.22623978475904138	1	0
515	society always	0.7512876343346351	0.22623978475904138	1	0
516	access icu	0.7512876343346351	0.22623978475904138	1	0
517	care harmed	0.7512876343346351	0.22623978475904138	1	0
518	need impacted	0.7512876343346351	0.22623978475904138	1	0
519	bed someone	0.7512876343346351	0.22623978475904138	1	0
520	bed well	0.7512876343346351	0.22623978475904138	1	0
521	result emotional	0.7512876343346351	0.22623978475904138	1	0
522	among colleague	0.7512876343346351	0.22623978475904138	1	0
523	others need	0.7512876343346351	0.22623978475904138	1	0
524	angry whether	0.7512876343346351	0.22623978475904138	1	0
525	member coworkers	0.7512876343346351	0.22623978475904138	1	0
526	society might	0.7512876343346351	0.22623978475904138	1	0
527	ruling favor	0.7512876343346351	0.22623978475904138	1	0
528	therefore taking	0.7512876343346351	0.22623978475904138	1	0
529	care people	0.7512876343346351	0.22623978475904138	1	0
530	consequence society	0.7512876343346351	0.22623978475904138	1	0
531	also affect	0.7512876343346351	0.22623978475904138	1	0
532	may include	0.7512876343346351	0.22623978475904138	1	0
533	impact icu	0.7512876343346351	0.22623978475904138	1	0
534	prediction helpful	0.7512876343346351	0.22623978475904138	1	0
535	concerned also	0.7512876343346351	0.22623978475904138	1	0
536	official think	0.7512876343346351	0.22623978475904138	1	0
537	may affected	0.7512876343346351	0.22623978475904138	1	0
538	overall cost	0.7512876343346351	0.22623978475904138	1	0
539	spare room	0.7512876343346351	0.22623978475904138	1	0
540	discriminatory reason	0.7512876343346351	0.22623978475904138	1	0
541	average people	0.7512876343346351	0.22623978475904138	1	0
542	involved patient	0.7512876343346351	0.22623978475904138	1	0
543	regular hospital	0.7512876343346351	0.22623978475904138	1	0
544	thinking human	0.7512876343346351	0.22623978475904138	1	0
545	society ill	0.7512876343346351	0.22623978475904138	1	0
546	provide support	0.7512876343346351	0.22623978475904138	1	0
547	member people	0.7512876343346351	0.22623978475904138	1	0
548	immediately negatively	0.7512876343346351	0.22623978475904138	1	0
549	negative way	0.7512876343346351	0.22623978475904138	1	0
550	one icu	0.7512876343346351	0.22623978475904138	1	0
551	hospital bed	0.7512876343346351	0.22623978475904138	1	0
552	support future	0.7512876343346351	0.22623978475904138	1	0
553	individual wasting	0.7512876343346351	0.22623978475904138	1	0
554	friend welcome	0.7512876343346351	0.22623978475904138	1	0
555	assuming cost	0.7512876343346351	0.22623978475904138	1	0
556	treatment beyond	0.7512876343346351	0.22623978475904138	1	0
557	individual concerned	0.7512876343346351	0.22623978475904138	1	0
558	others line	0.7512876343346351	0.22623978475904138	1	0
559	affected mistake	0.7512876343346351	0.22623978475904138	1	0
560	unnecessary emotional	0.7512876343346351	0.22623978475904138	1	0
561	might waste	0.7512876343346351	0.22623978475904138	1	0
562	accident could	0.7512876343346351	0.22623978475904138	1	0
563	society distrust	0.7512876343346351	0.22623978475904138	1	0
564	denied access	0.7512876343346351	0.22623978475904138	1	0
565	society avoid	0.7512876343346351	0.22623978475904138	1	0
566	patient medical	0.7512876343346351	0.22623978475904138	1	0
567	bring light	0.7512876343346351	0.22623978475904138	1	0
568	public maybe	0.7512876343346351	0.22623978475904138	1	0
569	fact might	0.7512876343346351	0.22623978475904138	1	0
570	unneccessarily mean	0.7512876343346351	0.22623978475904138	1	0
571	family loved	0.7512876343346351	0.22623978475904138	1	0
572	moderate society	0.7512876343346351	0.22623978475904138	1	0
573	could saved	0.7512876343346351	0.22623978475904138	1	0
574	harm bed	0.7512876343346351	0.22623978475904138	1	0
575	family compared	0.7512876343346351	0.22623978475904138	1	0
576	load caring	0.7512876343346351	0.22623978475904138	1	0
577	given resource	0.7512876343346351	0.22623978475904138	1	0
578	also financial	0.7512876343346351	0.22623978475904138	1	0
579	whether mistreated	0.7512876343346351	0.22623978475904138	1	0
580	patient require	0.7512876343346351	0.22623978475904138	1	0
581	cost felt	0.7512876343346351	0.22623978475904138	1	0
582	need deplete	0.7512876343346351	0.22623978475904138	1	0
583	available immediately	0.7512876343346351	0.22623978475904138	1	0
584	either risk	0.7512876343346351	0.22623978475904138	1	0
585	care needed	0.09842213656829851	0.46079854878813575	2	1
586	support could	0.09842213656829851	0.46079854878813575	2	1
587	treatment denied	-0.4109950657814653	0.6594619236090886	1	1
588	support required	-0.4109950657814653	0.6594619236090886	1	1
589	get care	-0.4109950657814653	0.6594619236090886	1	1
590	mistaken prediction	-0.4109950657814653	0.6594619236090886	1	1
591	individual may	-0.4109950657814653	0.6594619236090886	1	1
592	could mean	-0.4109950657814653	0.6594619236090886	1	1
593	could someone	-0.4109950657814653	0.6594619236090886	1	1
594	mistakenly excluded	-0.4109950657814653	0.6594619236090886	1	1
595	required could	-0.4109950657814653	0.6594619236090886	1	1
596	predicting icu	-0.4109950657814653	0.6594619236090886	1	1
597	could potentially	-0.4109950657814653	0.6594619236090886	1	1
598	equal	-0.4109950657814653	0.6594619236090886	1	1
599	mistakenly predicting	-0.4109950657814653	0.6594619236090886	1	1
600	icu requires	-0.4109950657814653	0.6594619236090886	1	1
601	actually need	-0.5817643951094901	0.719637305135961	2	2
602	icu care	-0.5817643951094901	0.719637305135961	2	2
603	mistakenly given	-0.5817643951094901	0.719637305135961	2	2
604	need could	-0.5817643951094901	0.719637305135961	2	2
605	icu treatment	-0.5817643951094901	0.719637305135961	2	2
606	someone actually	-0.713163359184257	0.7621276616837491	3	3
607	bed need	-1.1056086674505528	0.8655520316760942	1	2
608	level care	-1.1056086674505528	0.8655520316760942	1	2
609	given icu	-1.1056086674505528	0.8655520316760942	1	2
610	patient need	-1.1056086674505528	0.8655520316760942	1	2
611	individual mistakenly	-1.1056086674505528	0.8655520316760942	1	2
612	easily die	-1.3322581727243907	0.9086123166821078	0	1
613	bed support	-1.3322581727243907	0.9086123166821078	0	1
614	individual decide	-1.3322581727243907	0.9086123166821078	0	1
615	directly mean	-1.3322581727243907	0.9086123166821078	0	1
616	mean difference	-1.3322581727243907	0.9086123166821078	0	1
617	could death	-1.3322581727243907	0.9086123166821078	0	1
618	get icu	-1.3322581727243907	0.9086123166821078	0	1
619	get health	-1.3322581727243907	0.9086123166821078	0	1
620	could still	-1.3322581727243907	0.9086123166821078	0	1
621	life death	-1.3322581727243907	0.9086123166821078	0	1
622	sick without	-1.3322581727243907	0.9086123166821078	0	1
623	sent could	-1.3322581727243907	0.9086123166821078	0	1
624	need obvious	-1.3322581727243907	0.9086123166821078	0	1
625	adequate care	-1.3322581727243907	0.9086123166821078	0	1
626	risk chance	-1.3322581727243907	0.9086123166821078	0	1
627	get better	-1.3322581727243907	0.9086123166821078	0	1
628	individual needed	-1.3322581727243907	0.9086123166821078	0	1
629	may die	-1.3322581727243907	0.9086123166821078	0	1
630	getting right	-1.3322581727243907	0.9086123166821078	0	1
631	harm patient	-1.3322581727243907	0.9086123166821078	0	1
632	may receive	-1.3322581727243907	0.9086123166821078	0	1
633	tension fear	-1.3322581727243907	0.9086123166821078	0	1
634	icu risk	-1.3322581727243907	0.9086123166821078	0	1
635	great risk	-1.3322581727243907	0.9086123166821078	0	1
636	triaged another	-1.3322581727243907	0.9086123166821078	0	1
637	potentially die	-1.3322581727243907	0.9086123166821078	0	1
638	right amount	-1.3322581727243907	0.9086123166821078	0	1
639	seriously harm	-1.3322581727243907	0.9086123166821078	0	1
640	apart certain	-1.3322581727243907	0.9086123166821078	0	1
641	miss treatment	-1.3322581727243907	0.9086123166821078	0	1
642	likely quickly	-1.3322581727243907	0.9086123166821078	0	1
643	requires different	-1.3322581727243907	0.9086123166821078	0	1
644	icu could	-1.3322581727243907	0.9086123166821078	0	1
645	getting wrong	-1.3322581727243907	0.9086123166821078	0	1
646	receive end	-1.3322581727243907	0.9086123166821078	0	1
647	needed critical	-1.3322581727243907	0.9086123166821078	0	1
648	without receiving	-1.3322581727243907	0.9086123166821078	0	1
649	lead death	-1.3322581727243907	0.9086123166821078	0	1
650	say need	-1.3322581727243907	0.9086123166821078	0	1
651	could longer	-1.3322581727243907	0.9086123166821078	0	1
652	rather individual	-1.3322581727243907	0.9086123166821078	0	1
653	longer recovery	-1.3322581727243907	0.9086123166821078	0	1
654	result harm	-1.3322581727243907	0.9086123166821078	0	1
655	getting lifesaving	-1.3322581727243907	0.9086123166821078	0	1
656	become even	-1.3322581727243907	0.9086123166821078	0	1
657	suffer extreme	-1.3322581727243907	0.9086123166821078	0	1
658	denied icu	-1.3322581727243907	0.9086123166821078	0	1
659	standpoint could	-1.3322581727243907	0.9086123166821078	0	1
660	model shown	-1.3322581727243907	0.9086123166821078	0	1
661	severely worse	-1.3322581727243907	0.9086123166821078	0	1
662	think high	-1.3322581727243907	0.9086123166821078	0	1
663	without icu	-1.3322581727243907	0.9086123166821078	0	1
664	learning algorithmdevice	-1.3322581727243907	0.9086123166821078	0	1
665	care getting	-1.3322581727243907	0.9086123166821078	0	1
666	one die	-1.3322581727243907	0.9086123166821078	0	1
667	people getting	-1.3322581727243907	0.9086123166821078	0	1
668	loss life	-1.3322581727243907	0.9086123166821078	0	1
669	icu admitted	-1.3322581727243907	0.9086123166821078	0	1
670	decide expertise	-1.3322581727243907	0.9086123166821078	0	1
671	treatment also	-1.3322581727243907	0.9086123166821078	0	1
672	decline provided	-1.3322581727243907	0.9086123166821078	0	1
673	based model	-1.3322581727243907	0.9086123166821078	0	1
674	missing potential	-1.3322581727243907	0.9086123166821078	0	1
675	individual question	-1.3322581727243907	0.9086123166821078	0	1
676	permanent disability	-1.3322581727243907	0.9086123166821078	0	1
677	individual ability	-1.3322581727243907	0.9086123166821078	0	1
678	give best	-1.3322581727243907	0.9086123166821078	0	1
679	avoidable death	-1.3322581727243907	0.9086123166821078	0	1
680	serious condition	-1.3322581727243907	0.9086123166821078	0	1
681	health recovery	-1.3322581727243907	0.9086123166821078	0	1
682	access intensive	-1.3322581727243907	0.9086123166821078	0	1
683	individual receive	-1.3322581727243907	0.9086123166821078	0	1
684	think people	-1.3322581727243907	0.9086123166821078	0	1
685	different kind	-1.3322581727243907	0.9086123166821078	0	1
686	could directly	-1.3322581727243907	0.9086123166821078	0	1
687	get severely	-1.3322581727243907	0.9086123166821078	0	1
688	impact mistakenly	-1.3322581727243907	0.9086123166821078	0	1
689	develop complication	-1.3322581727243907	0.9086123166821078	0	1
690	life saving	-1.3322581727243907	0.9086123166821078	0	1
691	accurate low	-1.3322581727243907	0.9086123166821078	0	1
692	neccessary life	-1.3322581727243907	0.9086123166821078	0	1
693	better thus	-1.3322581727243907	0.9086123166821078	0	1
694	real result	-1.3322581727243907	0.9086123166821078	0	1
695	icu admission	-1.3322581727243907	0.9086123166821078	0	1
696	untreated illness	-1.3322581727243907	0.9086123166821078	0	1
697	medical team	-1.3322581727243907	0.9086123166821078	0	1
698	proper care	-1.3322581727243907	0.9086123166821078	0	1
699	depend decision	-1.3322581727243907	0.9086123166821078	0	1
700	condition sent	-1.3322581727243907	0.9086123166821078	0	1
701	chance mistake	-1.3322581727243907	0.9086123166821078	0	1
702	help pretty	-1.3322581727243907	0.9086123166821078	0	1
703	appropriately respond	-1.3322581727243907	0.9086123166821078	0	1
704	need accurate	-1.3322581727243907	0.9086123166821078	0	1
705	timely manner	-1.3322581727243907	0.9086123166821078	0	1
706	die receive	-1.3322581727243907	0.9086123166821078	0	1
707	term effect	-1.3322581727243907	0.9086123166821078	0	1
708	face significant	-1.3322581727243907	0.9086123166821078	0	1
709	icu fact	-1.3322581727243907	0.9086123166821078	0	1
710	andor death	-1.3322581727243907	0.9086123166821078	0	1
711	result mean	-1.3322581727243907	0.9086123166821078	0	1
712	bed likely	-1.3322581727243907	0.9086123166821078	0	1
713	receiving help	-1.3322581727243907	0.9086123166821078	0	1
714	treatment could	-1.3322581727243907	0.9086123166821078	0	1
715	provided icu	-1.3322581727243907	0.9086123166821078	0	1
716	critical treatment	-1.3322581727243907	0.9086123166821078	0	1
717	required needed	-1.3322581727243907	0.9086123166821078	0	1
718	significant health	-1.3322581727243907	0.9086123166821078	0	1
719	advanced access	-1.3322581727243907	0.9086123166821078	0	1
720	death permanent	-1.3322581727243907	0.9086123166821078	0	1
721	could catastrophic	-1.3322581727243907	0.9086123166821078	0	1
722	lack care	-1.3322581727243907	0.9086123166821078	0	1
723	could life	-1.3322581727243907	0.9086123166821078	0	1
724	mean patient	-1.3322581727243907	0.9086123166821078	0	1
725	health likely	-1.3322581727243907	0.9086123166821078	0	1
726	quickly deteriorate	-1.3322581727243907	0.9086123166821078	0	1
727	besides icu	-1.3322581727243907	0.9086123166821078	0	1
728	risk deteriorating	-1.3322581727243907	0.9086123166821078	0	1
729	responsible mistake	-1.3322581727243907	0.9086123166821078	0	1
730	mistaken someone	-1.3322581727243907	0.9086123166821078	0	1
731	question could	-1.3322581727243907	0.9086123166821078	0	1
732	obvious issue	-1.3322581727243907	0.9086123166821078	0	1
733	death long	-1.3322581727243907	0.9086123166821078	0	1
734	icu give	-1.3322581727243907	0.9086123166821078	0	1
735	pretty bad	-1.3322581727243907	0.9086123166821078	0	1
736	treatment lead	-1.3322581727243907	0.9086123166821078	0	1
737	impact people	-1.3322581727243907	0.9086123166821078	0	1
738	major impact	-1.3322581727243907	0.9086123166821078	0	1
739	serious matter	-1.3322581727243907	0.9086123166821078	0	1
740	end result	-1.3322581727243907	0.9086123166821078	0	1
741	person could	-1.3322581727243907	0.9086123166821078	0	1
742	lifethreatening situation	-1.3322581727243907	0.9086123166821078	0	1
743	best care	-1.3322581727243907	0.9086123166821078	0	1
744	could seriously	-1.3322581727243907	0.9086123166821078	0	1
745	inverse someone	-1.3322581727243907	0.9086123166821078	0	1
746	thus making	-1.3322581727243907	0.9086123166821078	0	1
747	extreme health	-1.3322581727243907	0.9086123166821078	0	1
748	life result	-1.3322581727243907	0.9086123166821078	0	1
749	support serious	-1.3322581727243907	0.9086123166821078	0	1
750	individual face	-1.3322581727243907	0.9086123166821078	0	1
751	receive appropriate	-1.3322581727243907	0.9086123166821078	0	1
752	get could	-1.3322581727243907	0.9086123166821078	0	1
753	effect individual	-1.3322581727243907	0.9086123166821078	0	1
754	individual missing	-1.3322581727243907	0.9086123166821078	0	1
755	grave harm	-1.3322581727243907	0.9086123166821078	0	1
756	could cost	-1.3322581727243907	0.9086123166821078	0	1
757	die develop	-1.3322581727243907	0.9086123166821078	0	1
758	receive proper	-1.3322581727243907	0.9086123166821078	0	1
759	assume could	-1.3322581727243907	0.9086123166821078	0	1
760	mistake required	-1.3322581727243907	0.9086123166821078	0	1
761	given support	-1.3322581727243907	0.9086123166821078	0	1
762	people apart	-1.3322581727243907	0.9086123166821078	0	1
763	getting icu	-1.3322581727243907	0.9086123166821078	0	1
764	case person	-1.3322581727243907	0.9086123166821078	0	1
765	could highly	-1.3322581727243907	0.9086123166821078	0	1
766	detrimental health	-1.3322581727243907	0.9086123166821078	0	1
767	either way	-1.3322581727243907	0.9086123166821078	0	1
768	may get	-1.3322581727243907	0.9086123166821078	0	1
769	saving medical	-1.3322581727243907	0.9086123166821078	0	1
770	appropriate level	-1.3322581727243907	0.9086123166821078	0	1
771	patient inappropriately	-1.3322581727243907	0.9086123166821078	0	1
772	missing needed	-1.3322581727243907	0.9086123166821078	0	1
773	sick patient	-1.3322581727243907	0.9086123166821078	0	1
774	life could	-1.3322581727243907	0.9086123166821078	0	1
775	help either	-1.3322581727243907	0.9086123166821078	0	1
776	care need	-1.3322581727243907	0.9086123166821078	0	1
777	die need	-1.3322581727243907	0.9086123166821078	0	1
778	receive care	-1.3322581727243907	0.9086123166821078	0	1
779	community wrong	-1.3322581727243907	0.9086123166821078	0	1
780	miss bed	-1.3322581727243907	0.9086123166821078	0	1
781	without advanced	-1.3322581727243907	0.9086123166821078	0	1
782	receiving adequate	-1.3322581727243907	0.9086123166821078	0	1
783	reviewed make	-1.3322581727243907	0.9086123166821078	0	1
784	icu die	-1.3322581727243907	0.9086123166821078	0	1
785	health decline	-1.3322581727243907	0.9086123166821078	0	1
786	care required	-1.3322581727243907	0.9086123166821078	0	1
787	result avoidable	-1.3322581727243907	0.9086123166821078	0	1
788	prediction denies	-1.3322581727243907	0.9086123166821078	0	1
789	admitted icu	-1.3322581727243907	0.9086123166821078	0	1
790	rather machine	-1.3322581727243907	0.9086123166821078	0	1
791	prediction need	-1.3322581727243907	0.9086123166821078	0	1
792	needed could	-1.3322581727243907	0.9086123166821078	0	1
793	could easily	-1.3322581727243907	0.9086123166821078	0	1
794	intensive care	-1.3322581727243907	0.9086123166821078	0	1
795	impactful icu	-1.3322581727243907	0.9086123166821078	0	1
796	admitted receive	-1.3322581727243907	0.9086123166821078	0	1
797	could grave	-1.3322581727243907	0.9086123166821078	0	1
798	directly affect	-1.3322581727243907	0.9086123166821078	0	1
799	likely face	-1.3322581727243907	0.9086123166821078	0	1
800	certain community	-1.3322581727243907	0.9086123166821078	0	1
801	time andor	-1.3322581727243907	0.9086123166821078	0	1
802	affect receiving	-1.3322581727243907	0.9086123166821078	0	1
803	heshe could	-1.3322581727243907	0.9086123166821078	0	1
804	ability get	-1.3322581727243907	0.9086123166821078	0	1
805	support mistakenly	-1.3322581727243907	0.9086123166821078	0	1
806	actually end	-1.3322581727243907	0.9086123166821078	0	1
807	making individual	-1.3322581727243907	0.9086123166821078	0	1
808	individual health	-1.3322581727243907	0.9086123166821078	0	1
809	result could	-1.3322581727243907	0.9086123166821078	0	1
810	die get	-1.3322581727243907	0.9086123166821078	0	1
811	required level	-1.3322581727243907	0.9086123166821078	0	1
812	know reasoning	-1.3322581727243907	0.9086123166821078	0	1
813	need assistance	-1.3322581727243907	0.9086123166821078	0	1
814	deny could	-1.3322581727243907	0.9086123166821078	0	1
815	receive needed	-1.3322581727243907	0.9086123166821078	0	1
816	presumably individual	-1.3322581727243907	0.9086123166821078	0	1
817	machine say	-1.3322581727243907	0.9086123166821078	0	1
818	possible death	-1.3322581727243907	0.9086123166821078	0	1
819	fact necessary	-1.3322581727243907	0.9086123166821078	0	1
820	could fatal	-1.3322581727243907	0.9086123166821078	0	1
821	mean death	-1.3322581727243907	0.9086123166821078	0	1
822	mistakenly deny	-1.3322581727243907	0.9086123166821078	0	1
823	people serious	-1.3322581727243907	0.9086123166821078	0	1
824	cost life	-1.3322581727243907	0.9086123166821078	0	1
825	could overlooked	-1.3322581727243907	0.9086123166821078	0	1
826	give away	-1.3322581727243907	0.9086123166821078	0	1
827	team able	-1.3322581727243907	0.9086123166821078	0	1
828	get sent	-1.3322581727243907	0.9086123166821078	0	1
829	death individual	-1.3322581727243907	0.9086123166821078	0	1
830	kind care	-1.3322581727243907	0.9086123166821078	0	1
831	inappropriately triaged	-1.3322581727243907	0.9086123166821078	0	1
832	needed timely	-1.3322581727243907	0.9086123166821078	0	1
833	difference life	-1.3322581727243907	0.9086123166821078	0	1
834	highly detrimental	-1.3322581727243907	0.9086123166821078	0	1
835	long term	-1.3322581727243907	0.9086123166821078	0	1
836	amount support	-1.3322581727243907	0.9086123166821078	0	1
837	wrong care	-1.3322581727243907	0.9086123166821078	0	1
838	consequence death	-1.3322581727243907	0.9086123166821078	0	1
839	service required	-1.3322581727243907	0.9086123166821078	0	1
840	wrong treatment	-1.3322581727243907	0.9086123166821078	0	1
841	denies person	-1.3322581727243907	0.9086123166821078	0	1
842	treatment neccessary	-1.3322581727243907	0.9086123166821078	0	1
843	death admitted	-1.3322581727243907	0.9086123166821078	0	1
844	complication loss	-1.3322581727243907	0.9086123166821078	0	1
845	miss required	-1.3322581727243907	0.9086123166821078	0	1
846	receiving treatment	-1.3322581727243907	0.9086123166821078	0	1
847	serious complication	-1.3322581727243907	0.9086123166821078	0	1
848	even sick	-1.3322581727243907	0.9086123166821078	0	1
849	die getting	-1.3322581727243907	0.9086123166821078	0	1
850	data reviewed	-1.3322581727243907	0.9086123166821078	0	1
851	complication untreated	-1.3322581727243907	0.9086123166821078	0	1
852	situation rather	-1.3322581727243907	0.9086123166821078	0	1
853	recovery time	-1.3322581727243907	0.9086123166821078	0	1
854	since people	-1.3322581727243907	0.9086123166821078	0	1
855	might know	-1.3322581727243907	0.9086123166821078	0	1
856	end needing	-1.3322581727243907	0.9086123166821078	0	1
857	greatly impact	-1.3322581727243907	0.9086123166821078	0	1
858	excluded icu	-1.3322581727243907	0.9086123166821078	0	1
859	without medical	-1.3322581727243907	0.9086123166821078	0	1
860	able appropriately	-1.3322581727243907	0.9086123166821078	0	1
861	still get	-1.3322581727243907	0.9086123166821078	0	1
862	medical help	-1.3322581727243907	0.9086123166821078	0	1
863	potential life	-1.3322581727243907	0.9086123166821078	0	1
864	person suffer	-1.3322581727243907	0.9086123166821078	0	1
865	catastrophic effect	-1.3322581727243907	0.9086123166821078	0	1
866	get needed	-1.3322581727243907	0.9086123166821078	0	1
867	care receive	-1.3322581727243907	0.9086123166821078	0	1
868	high since	-1.3322581727243907	0.9086123166821078	0	1
869	make mistake	-1.3322581727243907	0.9086123166821078	0	1
870	required missing	-1.3322581727243907	0.9086123166821078	0	1
871	best outcome	-1.3322581727243907	0.9086123166821078	0	1
872	support get	-1.3322581727243907	0.9086123166821078	0	1
873	someone given	-1.3322581727243907	0.9086123166821078	0	1
874	effect lack	-1.3322581727243907	0.9086123166821078	0	1
875	shown believe	-1.3322581727243907	0.9086123166821078	0	1
876	get bed	-1.3322581727243907	0.9086123166821078	0	1
877	treatment die	-1.3322581727243907	0.9086123166821078	0	1
878	away bed	-1.3322581727243907	0.9086123166821078	0	1
879	life threatening	-1.3322581727243907	0.9086123166821078	0	1
880	respond give	-1.3322581727243907	0.9086123166821078	0	1
881	bed needed	-1.3322581727243907	0.9086123166821078	0	1
882	could major	-1.3322581727243907	0.9086123166821078	0	1
883	another floor	-1.3322581727243907	0.9086123166821078	0	1
884	could save	-1.3322581727243907	0.9086123166821078	0	1
885	icu people	-1.3322581727243907	0.9086123166821078	0	1
886	ease tension	-1.3322581727243907	0.9086123166821078	0	1
887	mistake correct	-1.3322581727243907	0.9086123166821078	0	1
888	result death	-1.3322581727243907	0.9086123166821078	0	1
889	sent someone	-1.3322581727243907	0.9086123166821078	0	1
890	correct outcome	-1.3322581727243907	0.9086123166821078	0	1
891	machine learning	-1.3322581727243907	0.9086123166821078	0	1
892	health risk	-1.3322581727243907	0.9086123166821078	0	1
893	need heshe	-1.3322581727243907	0.9086123166821078	0	1
894	die become	-1.3322581727243907	0.9086123166821078	0	1
895	care much	-1.3322581727243907	0.9086123166821078	0	1
896	could depend	-1.3322581727243907	0.9086123166821078	0	1
897	individual could	-1.3322581727243907	0.9086123166821078	0	1
898	want best	-1.3322581727243907	0.9086123166821078	0	1
899	face serious	-1.3322581727243907	0.9086123166821078	0	1
900	assistance live	-1.3322581727243907	0.9086123166821078	0	1
901	lifesaving care	-1.3322581727243907	0.9086123166821078	0	1
902	risk may	-1.3322581727243907	0.9086123166821078	0	1
903	deteriorating without	-1.3322581727243907	0.9086123166821078	0	1
904	people want	-1.3322581727243907	0.9086123166821078	0	1
905	expertise rather	-1.3322581727243907	0.9086123166821078	0	1
906	floor besides	-1.3322581727243907	0.9086123166821078	0	1
907	harm health	-1.3322581727243907	0.9086123166821078	0	1
908	reasoning behind	-1.3322581727243907	0.9086123166821078	0	1
909	save life	-1.3322581727243907	0.9086123166821078	0	1
910	person receiving	-1.3322581727243907	0.9086123166821078	0	1
911	fully responsible	-1.3322581727243907	0.9086123166821078	0	1
912	individual standpoint	-1.3322581727243907	0.9086123166821078	0	1
913	icu support	-1.4029858988459614	0.9196894780352567	7	8
914	someone need	-1.5657071794468702	0.9412914076300746	2	4
915	support needed	-1.8849545687957756	0.9702820141190248	0	2
916	could result	-1.8849545687957756	0.9702820141190248	0	2
917	could lifethreatening	-1.8849545687957756	0.9702820141190248	0	2
918	get help	-1.8849545687957756	0.9702820141190248	0	2
919	including death	-1.8849545687957756	0.9702820141190248	0	2
920	care could	-1.8849545687957756	0.9702820141190248	0	2
921	die without	-1.8849545687957756	0.9702820141190248	0	2
922	health including	-1.8849545687957756	0.9702820141190248	0	2
923	impact individual	-1.8849545687957756	0.9702820141190248	0	2
924	support need	-1.8849545687957756	0.9702820141190248	0	2
925	need get	-1.8849545687957756	0.9702820141190248	0	2
926	individual get	-1.8849545687957756	0.9702820141190248	0	2
927	need icu	-1.9144717038291876	0.9722200443518254	4	7
928	could miss	-2.309639471469404	0.9895459387866087	0	3
929	needed icu	-2.309639471469404	0.9895459387866087	0	3
930	could die	-2.7448136054136274	0.9969727362388736	1	6
